nik,number_participant,club,target_Name,gender,name,address,phone
1234567890123456,1,Book Club,Target 1,Male,A1,"10 Main Street, Anytown",+1234567890
1234567890123457,2,Art Club,Target 1,Female,A2,"20 Elm Street, Anytown",+9876543210
1234567890123458,4,Yoga Club,Target 2,Female,A3,"40 Oak Lane, Anytown",+5790321680
1234567890123459,5,Chess Club,Target 2,Male,A4,"50 Birch Street, Anytown",+8123456789
1234567890123460,6,Bad Club,Target 3,Male,A5,"51 Birch Street, Anytown",+8123456790
1234567890123461,7,Book Club,Target 3,Female,A6,"11 Main Street, Anytown",+1234567890
1234567890123462,8,Art Club,Target 1,Male,A7,"21 Elm Street, Anytown",+9876543210
1234567890123463,9,Yoga Club,Target 1,Female,A8,"41 Oak Lane, Anytown",+5790321680
1234567890123464,10,Chess Club,Target 2,Female,A9,"52 Birch Street, Anytown",+8123456789
1234567890123465,11,Bad Club,Target 2,Male,A10,"53 Birch Street, Anytown",+8123456790
1234567890123466,12,Book Club,Target 3,Male,A11,"12 Main Street, Anytown",+1234567890
1234567890123467,13,Art Club,Target 3,Female,A12,"22 Elm Street, Anytown",+9876543210
1234567890123468,14,Yoga Club,Target 1,Male,A13,"42 Oak Lane, Anytown",+5790321680
1234567890123469,15,Chess Club,Target 1,Female,A14,"54 Birch Street, Anytown",+8123456789
1234567890123470,16,Bad Club,Target 2,Female,A15,"55 Birch Street, Anytown",+8123456790
1234567890123471,17,Book Club,Target 2,Male,A16,"13 Main Street, Anytown",+1234567890
1234567890123472,18,Art Club,Target 3,Male,A17,"23 Elm Street, Anytown",+9876543210
1234567890123473,19,Yoga Club,Target 3,Female,A18,"43 Oak Lane, Anytown",+5790321680
1234567890123474,20,Chess Club,Target 1,Male,A19,"56 Birch Street, Anytown",+8123456789